First Name,Last Name,Accommodation,Paper ID,Conference Room,Session Date,Session Time,PDF Upload Link
Alice,Smith,On-site,P001,Room A,2025-08-10,09:00 AM,https://conf.com/papers/P001.pdf
Bob,Johnson,Online,P002,Room B,2025-08-10,10:00 AM,https://conf.com/papers/P002.pdf
Carol,Williams,On-site,P003,Room C,2025-08-10,11:00 AM,https://conf.com/papers/P003.pdf
David,Brown,Online,P004,Room A,2025-08-10,01:00 PM,https://conf.com/papers/P004.pdf
Eve,Jones,On-site,P005,Room B,2025-08-10,02:00 PM,https://conf.com/papers/P005.pdf
Frank,Miller,Online,P006,Room C,2025-08-10,03:00 PM,https://conf.com/papers/P006.pdf
Grace,Davis,On-site,P007,Room A,2025-08-11,09:00 AM,https://conf.com/papers/P007.pdf
Hank,Garcia,Online,P008,Room B,2025-08-11,10:00 AM,https://conf.com/papers/P008.pdf
Ivy,Martinez,On-site,P009,Room C,2025-08-11,11:00 AM,https://conf.com/papers/P009.pdf
Jake,Rodriguez,Online,P010,Room A,2025-08-11,01:00 PM,https://conf.com/papers/P010.pdf
Kara,Martins,On-site,P011,Room B,2025-08-11,02:00 PM,https://conf.com/papers/P011.pdf
Liam,Lewis,Online,P012,Room C,2025-08-11,03:00 PM,https://conf.com/papers/P012.pdf
Mia,Lee,On-site,P013,Room A,2025-08-12,09:00 AM,https://conf.com/papers/P013.pdf
Noah,Walker,Online,P014,Room B,2025-08-12,10:00 AM,https://conf.com/papers/P014.pdf
Olivia,Hall,On-site,P015,Room C,2025-08-12,11:00 AM,https://conf.com/papers/P015.pdf
Paul,Allen,Online,P016,Room A,2025-08-12,01:00 PM,https://conf.com/papers/P016.pdf
Quinn,Young,On-site,P017,Room B,2025-08-12,02:00 PM,https://conf.com/papers/P017.pdf
Ruth,Hernandez,Online,P018,Room C,2025-08-12,03:00 PM,https://conf.com/papers/P018.pdf
Sam,King,On-site,P019,Room A,2025-08-13,09:00 AM,https://conf.com/papers/P019.pdf
Tina,Wright,Online,P020,Room B,2025-08-13,10:00 AM,https://conf.com/papers/P020.pdf
Umar,Lopez,On-site,P021,Room C,2025-08-13,11:00 AM,https://conf.com/papers/P021.pdf
Vera,Scott,Online,P022,Room A,2025-08-13,01:00 PM,https://conf.com/papers/P022.pdf
Will,Bailey,On-site,P023,Room B,2025-08-13,02:00 PM,https://conf.com/papers/P023.pdf
Xena,Reed,Online,P024,Room C,2025-08-13,03:00 PM,https://conf.com/papers/P024.pdf
Yara,Howard,On-site,P025,Room A,2025-08-14,09:00 AM,https://conf.com/papers/P025.pdf
Zack,Ramos,Online,P026,Room B,2025-08-14,10:00 AM,https://conf.com/papers/P026.pdf
Anna,Kim,On-site,P027,Room C,2025-08-14,11:00 AM,https://conf.com/papers/P027.pdf
Ben,Patel,Online,P028,Room A,2025-08-14,01:00 PM,https://conf.com/papers/P028.pdf
Cindy,Nguyen,On-site,P029,Room B,2025-08-14,02:00 PM,https://conf.com/papers/P029.pdf
Derek,Clark,Online,P030,Room C,2025-08-14,03:00 PM,https://conf.com/papers/P030.pdf
Ella,Mitchell,On-site,P031,Room A,2025-08-15,09:00 AM,https://conf.com/papers/P031.pdf
Finn,Perez,Online,P032,Room B,2025-08-15,10:00 AM,https://conf.com/papers/P032.pdf
Gina,Roberts,On-site,P033,Room C,2025-08-15,11:00 AM,https://conf.com/papers/P033.pdf
Henry,Turner,Online,P034,Room A,2025-08-15,01:00 PM,https://conf.com/papers/P034.pdf
Irene,Phillips,On-site,P035,Room B,2025-08-15,02:00 PM,https://conf.com/papers/P035.pdf
Jonah,Campbell,Online,P036,Room C,2025-08-15,03:00 PM,https://conf.com/papers/P036.pdf
Kylie,Parker,On-site,P037,Room A,2025-08-16,09:00 AM,https://conf.com/papers/P037.pdf
Leo,Evans,Online,P038,Room B,2025-08-16,10:00 AM,https://conf.com/papers/P038.pdf
Megan,Edwards,On-site,P039,Room C,2025-08-16,11:00 AM,https://conf.com/papers/P039.pdf
Nate,Collins,Online,P040,Room A,2025-08-16,01:00 PM,https://conf.com/papers/P040.pdf
Opal,Stewart,On-site,P041,Room B,2025-08-16,02:00 PM,https://conf.com/papers/P041.pdf
Pete,Sanchez,Online,P042,Room C,2025-08-16,03:00 PM,https://conf.com/papers/P042.pdf
Queenie,Morris,On-site,P043,Room A,2025-08-17,09:00 AM,https://conf.com/papers/P043.pdf
Ray,Ng,Online,P044,Room B,2025-08-17,10:00 AM,https://conf.com/papers/P044.pdf
Sara,Murphy,On-site,P045,Room C,2025-08-17,11:00 AM,https://conf.com/papers/P045.pdf
Tom,Foster,Online,P046,Room A,2025-08-17,01:00 PM,https://conf.com/papers/P046.pdf
Una,Brooks,On-site,P047,Room B,2025-08-17,02:00 PM,https://conf.com/papers/P047.pdf
Victor,Bell,Online,P048,Room C,2025-08-17,03:00 PM,https://conf.com/papers/P048.pdf
Wendy,Ross,On-site,P049,Room A,2025-08-18,09:00 AM,https://conf.com/papers/P049.pdf
Xavier,Hughes,Online,P050,Room B,2025-08-18,10:00 AM,https://conf.com/papers/P050.pdf
